Category,Source,URL
RSS,ABC Nyheter RSS Feed,abcnyheter.se/feed
RSS,Aftonbladet RSS Feed,https://www.feedspot.com/infiniterss.php?_src=followbtn&followfeedid=5340953&q=site:
RSS,Alingsås Tidning RSS Feed,https://www.feedspot.com/infiniterss.php?_src=followbtn&followfeedid=5532865&q=site:
RSS,Arbetarbladet RSS Feed,arbetarbladet.se/feeds/feed.xml
RSS,Arvika Nyheter RSS Feed,https://www.feedspot.com/infiniterss.php?_src=followbtn&followfeedid=5532936&q=site:https%3A%2F%2Fwww.arvikanyheter.se%2F%2Ffeed
RSS,Barometern-OT RSS Feed,barometern.se/feed
RSS,BLT RSS Feed,https://www.feedspot.com/infiniterss.php?_src=followbtn&followfeedid=5532873&q=site:
RSS,Borås Tidning RSS Feed,bt.se/feed
RSS,Dagen RSS Feed,dagen.se/arc/outboundfeeds/rss
RSS,Dagens Industri RSS Feed,https://www.dn.se/rss/
RSS,Dagens Nyheter RSS Feed,dn.se/rss
RSS,Dala-Demokraten RSS Feed,dalademokraten.se/feeds/feed..
RSS,Expressen RSS Feed,https://www.feedspot.com/infiniterss.php?_src=followbtn&followfeedid=5340950&q=site:
RSS,Göteborgs-Posten RSS Feed,https://www.feedspot.com/infiniterss.php?_src=followbtn&followfeedid=5340954&q=site:
RSS,Hallandsposten RSS Feed,https://www.feedspot.com/infiniterss.php?_src=followbtn&followfeedid=5340955&q=site:
RSS,Helsingborgs Dagblad RSS Feed,hd.se/feeds/feed.xml
RSS,Jönköpings-Posten RSS Feed,jp.se/feeds/feed.xml
RSS,Kristianstadsbladet RSS Feed,kristianstadsbladet.se/feed
RSS,Kuriren RSS Feed,https://www.feedspot.com/infiniterss.php?_src=followbtn&followfeedid=5341067&q=site:
RSS,Nerikes Allehanda RSS Feed,na.se/feeds/feed.xml
RSS,Nkpg.News RSS Feed,nkpg.news/feed
RSS,Norrköpings Tidningar RSS Feed,https://www.feedspot.com/infiniterss.php?_src=followbtn&followfeedid=5341066&q=site:
RSS,Nya Wermlands-Tidningen RSS Feed,nwt.se/feed
RSS,Nyheter Idag RSS Feed,nyheteridag.se/feed
RSS,Proletären RSS Feed,https://www.feedspot.com/infiniterss.php?_src=followbtn&followfeedid=5341074&q=site:
RSS,RSS debattartiklar och kommentarer hela landet,https://polisen.se/aktuellt/rss/hela-landet/debatt-och-kommentarer/
RSS,RSS händelser hela landet,https://polisen.se/aktuellt/rss/hela-landet/handelser-i-hela-landet/
RSS,RSS Hjälp polisen hela landet,https://polisen.se/aktuellt/rss/hela-landet/hjalp-polisen-rss/
RSS,RSS nationella nyheter,https://polisen.se/aktuellt/rss/hela-landet/nyheter-rss---nationella/
RSS,RSS nationella pressmeddelanden,https://polisen.se/aktuellt/rss/hela-landet/senast-publicerade-rapporter-och-publikationer/
RSS,RSS nyheter hela landet,https://polisen.se/aktuellt/rss/hela-landet/nyheter-hela-landet/
RSS,RSS pressmeddelanden hela landet,https://polisen.se/aktuellt/rss/hela-landet/pressmeddelanden-hela-landet/
RSS,RSS publikationer hela landet,https://polisen.se/aktuellt/rss/hela-landet/senast-publicerade-rapporter-och-publikationer/
RSS,Skånska Dagbladet RSS Feed,skd.se/feeds/feed.xml
RSS,Skaraborgs Nyheter RSS Feed,skaraborgsnyheter.se/feed
RSS,Stockholms Fria RSS Feed,stockholmsfria.se//feed
RSS,Svenska Dagbladet RSS Feed,svd.se/feed/articles.rss
RSS,SVT Nyheter RSS Feed,svt.se/rss.xml
RSS,Sydsvenskan RSS Feed,sydsvenskan.se/feeds/feed.xml
RSS,The Local Sweden RSS Feed,https://www.feedspot.com/infiniterss.php?_src=followbtn&followfeedid=5340948&q=site:https%3A%2F%2Fwww.thelocal.se%2Ffeed%2F
RSS,TT News Agency's Blog RSS Feed,blogg.tt.se/feed
RSS,Ttela RSS Feed,https://www.feedspot.com/infiniterss.php?_src=followbtn&followfeedid=5341069&q=site:
RSS,TV4 RSS Feed,tv4.se/rss
RSS,Värmlands Folkblad RSS Feed,https://www.feedspot.com/infiniterss.php?_src=followbtn&followfeedid=5341068&q=site: